昵称,个人主页地址,境内外网站,网站类别,信源级别（低中高）,信源属性（综合、维权、涉政等）,ID,名称,备注,
天涯百姓声音,http://bbs.tianya.cn/list-828-1.shtml,境内,综合论坛,高,综合,104263,天涯论坛_百姓声音,OK,
天涯杂谈,http://bbs.tianya.cn/list-free-1.shtml,境内,综合论坛,高,综合,241149,天涯论坛_天涯杂谈,OK,
新浪新闻,http://people.sina.com.cn,境内,综合论坛,高,综合,206,新浪网,修改，OK,
电脑报论坛,http://bbs.icpcw.com/,境内,综合论坛,,,,,2018年数据,
红网,http://www.rednet.cn,境内,综合论坛,,,3484,红网,修改，OK,
天涯法治论坛,http://bbs.tianya.cn/list-law-1.shtml,境内,综合论坛,高,综合,130,天涯论坛_法治论坛,OK,
猫扑大杂烩,http://dzh.mop.com,境内,综合论坛,中,综合,2927,猫扑大杂烩,修改，OK,
凯迪社区猫眼看人,http://club.kdnet.net/list.asp?boardid=1,境内,综合论坛,,,341601,凯迪社区_猫眼看人,OK,
西陆论坛,http://club.xilu.com,境内,综合论坛,,,105256,西陆论坛,修改，OK,
红网论坛,https://bbs.rednet.cn/,境内,综合论坛,,,1074,红网论坛,修改，试采空白,问题
强国论坛,http://bbs1.people.com.cn,境内,综合论坛,中,综合,727,人民网强国论坛,OK,
天涯重庆,http://bbs.tianya.cn/list-45-1.shtml,境内,综合论坛,高,综合,104347,天涯论坛_重庆,OK,
铁血社区,http://bbs.tiexue.net,境内,综合论坛,中,综合,1067,铁血社区,OK,
漩涡视频,https://www.ixigua.com/home/3346546961425822/,境内,西瓜视频,高,媒体号,4011398,西瓜视频号_西安商报漩涡视频,新配，试采空白,问题
豫视频,https://www.ixigua.com/home/59062744274/,境内,西瓜视频,高,媒体号,4011399,西瓜视频号_豫视频,新配，试采空白,问题
沸点视频,https://www.ixigua.com/home/1785220193587629/,境内,西瓜视频,高,媒体号,4011400,西瓜视频号_沸点视频,新配，试采空白,问题
澎湃视频,https://www.ixigua.com/home/65748183471/,境内,西瓜视频,高,媒体号,,,2017年数据,
澎湃新闻,https://www.ixigua.com/home/51045089537/,境内,西瓜视频,高,媒体号,4002432,西瓜视频号_澎湃新闻,新配，试采空白,问题
青蜂侠,https://www.ixigua.com/home/61310111598/,境内,西瓜视频,高,媒体号,4011401,西瓜视频号_青蜂侠,新配，试采空白,问题
红星新闻,https://www.ixigua.com/home/4085395345/,境内,西瓜视频,高,媒体号,4011402,西瓜视频号_红星新闻,新配，试采空白,问题
红星深度,https://www.ixigua.com/home/55369144321/,境内,西瓜视频,高,媒体号,4011403,西瓜视频号_红星深度,新配，试采空白,问题
荔枝新闻,https://www.ixigua.com/home/6976474883/,境内,西瓜视频,高,媒体号,3138658,西瓜视频号_荔枝新闻,修改，试采空白,问题
新京报,https://www.ixigua.com/home/5540918998/,境内,西瓜视频,高,媒体号,4011404,西瓜视频号_新京报,新配，试采空白,问题
封面新闻,https://www.ixigua.com/home/52029171784/,境内,西瓜视频,高,媒体号,3138660,西瓜视频号_封面新闻,修改，试采空白,问题
star星视频,https://www.ixigua.com/home/83802268282/,境内,西瓜视频,高,媒体号,4011405,西瓜视频号_star星视频,新配，试采空白,问题
燃新闻视频,https://www.ixigua.com/home/6886776520/,境内,西瓜视频,高,媒体号,4011406,西瓜视频号_燃新闻视频,新配，试采空白,问题
看重庆,http://dy.163.com/v2/media/homepage/T1550656430622.html,境内,网易号,中,自媒体,4011407,网易号客户端_看重庆,新配，已转Python，采不到数据,问题
重庆在线,http://dy.163.com/v2/media/homepage/T1550568006108.html,境内,网易号,中,自媒体,4011408,网易号客户端_重庆在线,新配，已转Python，采不到数据,问题
重庆电视台资讯,http://dy.163.com/v2/media/homepage/T1547186576924.html,境内,网易号,高,境内媒体网易号,4011409,网易号客户端_重庆电视台资讯,新配，已转Python，采不到数据,问题
重庆人民广播电台资讯,http://dy.163.com/v2/media/homepage/T1547186574615.html,境内,网易号,高,境内媒体网易号,,,2019年数据,
重庆今日资讯,http://dy.163.com/v2/media/homepage/T1546309380611.html,境内,网易号,中,自媒体,,,2019年数据,
重庆日报文化新闻,http://dy.163.com/v2/media/homepage/T1545113765958.html,境内,网易号,高,境内媒体网易号,,,链接打不开,
重庆日报网,http://dy.163.com/v2/media/homepage/T1545113694764.html,境内,网易号,高,境内媒体网易号,4011410,网易号客户端_重庆日报,新配，已转Python，采不到数据,问题
重庆商报,http://dy.163.com/v2/media/homepage/T1545105884660.html,境内,网易号,高,境内媒体网易号,4011411,网易号客户端_重庆商报,新配，已转Python，采不到数据,问题
重庆晨报,http://dy.163.com/v2/media/homepage/T1545105855244.html,境内,网易号,高,境内媒体网易号,4011412,网易号客户端_重庆晨报,新配，已转Python，采不到数据,问题
上游新闻重庆频道,http://dy.163.com/v2/media/homepage/T1545105789910.html,境内,网易号,中,自媒体,,,链接打不开,
重庆楼市情报,http://dy.163.com/v2/media/homepage/T1534229431201.html,境内,网易号,高,境内媒体网易号,,,链接打不开,
重庆晚报,http://dy.163.com/v2/media/homepage/T1519808938903.html,境内,网易号,高,境内媒体网易号,4011413,网易号客户端_重庆晚报,新配，已转Python，采不到数据,问题
深度重庆,http://dy.163.com/v2/media/homepage/T1516591212770.html,境内,网易号,中,自媒体,,,2019年数据,
重庆卫视,http://dy.163.com/v2/media/homepage/T1509945304500.html,境内,网易号,高,境内媒体网易号,,,链接打不开,
重庆头条,http://dy.163.com/v2/media/homepage/T1489392811109.html,境内,网易号,高,境内媒体网易号,,,链接打不开,
重庆第一眼,http://dy.163.com/v2/media/homepage/T1481526263964.html,境内,网易号,高,境内媒体网易号,,,链接打不开,
重庆青年报CQQNB,http://dy.163.com/v2/media/homepage/T1479361855670.html,境内,网易号,高,境内媒体网易号,,,链接打不开,
重庆商报,http://mp.sohu.com/profile?xpt=Y3FzYnFxQHNvaHUuY29t,境内,搜狐号,高,境内媒体号,3194955,搜狐号_重庆商报,修改，试采OK,
重庆生活,http://mp.sohu.com/profile?xpt=Y3FzaDEyM0Bzb2h1LmNvbQ==,境内,搜狐号,,,,,2019年数据,
重庆禁毒在线,http://mp.sohu.com/profile?xpt=Y3FqZG9ubGluZUBzb2h1LmNvbQ==,境内,搜狐号,,,3332865,搜狐号_重庆禁毒在线,OK,
重庆交通广播,http://mp.sohu.com/profile?xpt=Y3FqdGdiQHNvaHUuY29t,境内,搜狐号,,,3208832,搜狐号_重庆交通广播,OK,
重庆吃喝玩乐GO,http://mp.sohu.com/profile?xpt=Y3FjaHdsZ29Ac29odS5jb20=,境内,搜狐号,,,3234469,搜狐号_重庆吃喝玩乐GO,OK,
重庆吃喝玩乐爆料,http://mp.sohu.com/profile?xpt=Y3FjaHdsYmx3QHNvaHUuY29t,境内,搜狐号,,,3254621,搜狐号_重庆吃喝玩乐爆料,OK,
重庆晚报,http://mp.sohu.com/profile?xpt=Y3F3YW5iYW9Ac29odS5jb20=,境内,搜狐号,高,境内媒体号,3158583,搜狐号_重庆晚报,修改，试采OK,
重庆吃喝玩乐排行榜,http://mp.sohu.com/profile?xpt=Y3F0b3BsaXN0QHNvaHUuY29t,境内,搜狐号,,,3212078,搜狐号_重庆吃喝玩乐排行榜,OK,
搜狐重庆新闻,http://mp.sohu.com/profile?xpt=Y2hvbmdxaW5nc29odUBzb2h1LWluYy5jb20=,境内,搜狐号,高,境内媒体号,3331314,搜狐号_搜狐重庆新闻,OK,
触摸重庆言子,http://mp.sohu.com/profile?xpt=Y21jcXl6QHNvaHUuY29t,境内,搜狐号,,,3209512,搜狐号_触摸重庆言子,OK,
重庆早8点,http://mp.sohu.com/profile?xpt=QTY2M0JCOEMwQkYxRkIyRThGNDUyRUUyMUNDQjU5RjZAcXEuc29odS5jb20=,境内,搜狐号,,,3220671,搜狐号_重庆人物,修改，OK,
耍重庆,http://mp.sohu.com/profile?xpt=NjI1MTQ0NDEzN0BzaW5hLnNvaHUuY29t,境内,搜狐号,,,3195967,搜狐号_耍重庆,OK,
人人爱重庆,http://mp.sohu.com/profile?xpt=MTYwMDI3Mzg3MEBzaW5hLnNvaHUuY29t,境内,搜狐号,,,3433140,搜狐号_人人爱重庆,OK,
重庆头条资讯,http://mp.sohu.com/profile?xpt=MTUzNjk0NTUwOEBxcS5jb20=,境内,搜狐号,,,3647459,搜狐号_重庆生活助手,修改，OK,
中国新闻网重庆新闻,http://mp.sohu.com/profile?xpt=MTAwMTcxOTU2OTcwNDAxNzkyMEBzb2h1LmNvbQ==,境内,搜狐号,高,境内媒体号,,,链接打不开,
重庆时报,http://mp.sohu.com/profile?xpt=MjEwNDY5MzYxN0BzaW5hLnNvaHUuY29t,境内,搜狐号,高,境内媒体号,,,2018年数据,
触摸重庆,http://mp.sohu.com/profile?xpt=emp3MTg5ODMzNzEwMjdAc29odS5jb20=,境内,搜狐号,,,3223019,搜狐号_触摸重庆,OK,
重庆时间,http://mp.sohu.com/profile?xpt=cHBhZzU3NDQ5Yjc5OWUyM0Bzb2h1LmNvbQ==,境内,搜狐号,,,3141646,搜狐号_重庆时间,OK,
巴渝文图,http://mp.sohu.com/profile?xpt=cHBhZzM0ODgwMjQ5NGIzOEBzb2h1LmNvbQ==,境内,搜狐号,,,3647460,搜狐号_巴渝文图,修改，OK,
重庆三两事,https://new.qq.com/omn/author/6565559,境内,企鹅号,,,,,2019年数据,
重庆法制新闻,https://new.qq.com/omn/author/6554289,境内,企鹅号,高,境内媒体号,3336150,企鹅号网页版_重庆法制新闻,采不到正文，无法配置模板,问题
重庆^条,https://new.qq.com/omn/author/5512203,境内,企鹅号,,,3358560,企鹅号网页版_重庆^条,OK,
今日重庆杂志,https://new.qq.com/omn/author/5492066,境内,企鹅号,高,境内媒体号,3583038,企鹅号网页版_今日重庆杂志,OK,
重庆时间,https://new.qq.com/omn/author/5457931,境内,企鹅号,,,3337802,企鹅号网页版_重庆时间,采不到正文，无法配置模板,问题
重庆晨报,https://new.qq.com/omn/author/5391211,境内,企鹅号,,,3336324,企鹅号网页版_重庆晨报,OK,
重庆法制报,https://new.qq.com/omn/author/5382204,境内,企鹅号,,,3335750,企鹅号网页版_重庆法制报,OK,
深度重庆,https://new.qq.com/omn/author/5174672,境内,企鹅号,,,,,2019年数据,
看重庆,https://new.qq.com/omn/author/5132008,境内,企鹅号,,,3592329,企鹅号网页版_看重庆,OK,
重庆日报,https://new.qq.com/omn/author/5117896,境内,企鹅号,,,3335802,企鹅号网页版_重庆日报,OK,
重庆生活,https://new.qq.com/omn/author/5112443,境内,企鹅号,,,,,无内容可采,
重庆马路社,https://new.qq.com/omn/author/5107137,境内,企鹅号,,,,,无内容可采,
重庆商报,https://new.qq.com/omn/author/5101236,境内,企鹅号,,,3338026,企鹅号网页版_重庆商报,OK,
平安重庆,https://new.qq.com/omn/author/5067102,境内,企鹅号,,,3578597,企鹅号网页版_平安重庆,OK,
深度重庆,https://new.qq.com/omn/author/1685217,境内,企鹅号,,,,,无内容可采,
工人日报重庆记者站,https://new.qq.com/omn/author/1677555,境内,企鹅号,,,,,无内容可采,
腾讯新闻版权合作-重庆日报,https://new.qq.com/omn/author/10678984,境内,企鹅号,,,,,2019年数据,
津云锋声,https://new.qq.com/omn/author/16589698,境内,企鹅号,高,境内媒体号,4011881,企鹅号网页版_津云锋声,新配，试采OK,
红色中国网,http://redchinacn.net,境外,境外网站,高,境外媒体,2315366,红色中国网,修改，试采OK,
纽约时报中文网,https://cn.nytimes.com/,境外,境外网站,高,境外媒体,601373,纽约时报中文网,修改，试采OK,
纽约时报,https://www.nytimes.com/,境外,境外网站,高,境外媒体,4533,纽约时报英文,OK,
华尔街日报中文,https://cn.wsj.com/,境外,境外网站,高,境外媒体,3333,华尔街日报中文版,修改，试采OK,
华尔街日报,https://www.wsj.com/,境外,境外网站,高,境外媒体,2397761,华尔街日报英文,修改，试采OK,
彭博社,https://www.bloomberg.com/,境外,境外网站,高,境外媒体,4270,彭博新闻社英文,数据停采，python采集,问题
法广中文 ,https://www.rfi.fr/cn/,境外,境外网站,高,境外媒体,239085,法国广播电台,修改，试采OK,
ABC,https://abc.com/,境外,境外网站,高,境外媒体,2396051,ABC电视电台,修改，试采OK,
朝日新闻,https://asahichinese-j.com/,境外,境外网站,高,境外媒体,454810,朝日新闻中文网,修改，试采OK,
读卖新闻,https://www.yomiuri.co.jp/,境外,境外网站,高,境外媒体,7348,读卖新闻,部分板块停采，python采集,问题
星岛日报,https://www.singtaousa.com/,境外,境外网站,高,境外媒体,391995,星岛日报,OK,
我爱中华网,https://www.china5000.us/,境外,境外网站,高,境外媒体,3051514,我爱中华,OK,
雅虎香港,https://hk.yahoo.com/,境外,境外网站,高,境外媒体,280781,香港雅虎,部分采不到正文，python采集,问题
多维（新闻 ）,http://news.dwnews.com/,境外,境外网站,高,境外媒体,498,多维网,OK,
联合早报（即时）,http://www.zaobao.com.sg/realtime,境外,境外网站,高,境外媒体,104870,联合早报_即时报道,OK,
多维（多维客  ）,http://blog.dwnews.com/,境外,境外网站,高,境外媒体,249629,多维博客,改版，试采OK,
明镜网（ 博客）,http://w1.mingjingnews.com/index.php/blogs,境外,境外网站,高,境外媒体,2541843,明镜新闻_博客,OK,
多维（对话）,http://talk.dwnews.com/,境外,境外网站,高,境外媒体,,,2019年数据,
苹果日报,http://hk.apple.nextmedia.com/,境外,境外网站,高,境外媒体,3436,苹果日报,数据停采，python采集,问题
路透中文网,http://cn.reuters.com/,境外,境外网站,高,境外媒体,3432,路透社,数据停采，python采集,问题
法广中文网（港澳台）,http://cn.rfi.fr/港澳台/,境外,境外网站,高,境外媒体,239087,法国广播电台_港澳台,OK,
苹果日报（两岸国际）,https://hk.news.appledaily.com/daily/international/,境外,境外网站,高,境外媒体,112189,苹果日报_两岸国际,数据停采，python采集,问题
法广中文网（中国  ）,http://cn.rfi.fr/中国/,境外,境外网站,高,境外媒体,239086,法国广播电台_中国,OK,
万维读者网,http://www.creaders.net,境外,境外网站,高,境外媒体,500,万维网,修改，试采OK,
万维网,http://www.creaders.net/,境外,境外网站,高,境外媒体,500,万维网,修改，试采OK,
苹果日报（即时新闻 焦点）,https://hk.news.appledaily.com/realtime/top/,境外,境外网站,高,境外媒体,112190,苹果日报_即时焦点,数据停采，python采集,问题
雅虎中国,https://www.yahoo.com/,境外,境外网站,高,境外媒体,2780951,yahoo,修改，试采OK,
多维（经济）,http://economics.dwnews.com/,境外,境外网站,高,境外媒体,6124,多维网_经济,OK,
博闻社（财经）,https://bowenpress.com/news/bowen_category/money,境外,境外网站,高,境外媒体,2607878,博闻社_财经,数据停采，python采集,问题
博讯（滚动),http://www.peacehall.com/rolling.shtml,境外,境外网站,高,境外媒体,156771,博讯网_滚动,数据停采，python采集,问题
博闻社,https://bowenpress.com/,境外,境外网站,高,境外媒体,2607868,博闻社,数据停采，python采集,问题
明报（新闻),https://news.mingpao.com/pns/明笮侣W/web_tc/main,境外,境外网站,高,境外媒体,129097,明报_新,OK,
路透中文网(资讯）,https://cn.reuters.com/news,境外,境外网站,高,境外媒体,249479,路透社_资讯,数据停采，python采集,问题
法广中文网（人权）,http://cn.rfi.fr/人权/,境外,境外网站,高,境外媒体,239095,法国广播电台_人权,OK,
明镜网（ 新闻）,http://news.mingjingnews.com/,境外,境外网站,高,境外媒体,458608,明镜新闻,OK,
万维网（论坛）,http://bbs.creaders.net/politics/,境外,境外网站,高,境外媒体,250688,万维论坛_天下论坛,OK,
明镜网（广播）,https://www.youtube.com/channel/UC6xKvXKdFxPYjZGc5idYycA,境外,境外网站,高,境外媒体,2519072,Youtube_明镜新闻台,数据停采，python采集,问题
博闻社（独家）,https://bowenpress.com/news/bowen_category/exclusive,境外,境外网站,高,境外媒体,2607874,博闻社_独家,OK,
德国之声中文网,http://www.dw.de/在线报导/s-9058,境外,境外网站,高,境外媒体,6828,德国之声中文网,OK,
多维网,http://www.dwnews.com/,境外,境外网站,高,境外媒体,498,多维网,OK,
明报,https://www.mingpao.com/,境外,境外网站,高,境外媒体,6295,明报,部分板块停采，python采集,问题
博讯（港澳台),http://news.boxun.com/news/gb/taiwan/page1.shtml,境外,境外网站,高,境外媒体,6899,博讯网_港澳台新闻,数据停采，python采集,问题
明镜网（ 电视）,http://tv.mingjingnews.com/,境外,境外网站,高,境外媒体,2041772,明镜新闻_,OK,
明镜网,http://s1.mingjingnews.com/,境外,境外网站,高,境外媒体,458608,明镜新闻,OK,
苹果日报,http://tw.nextmedia.com,境外,境外网站,高,境外媒体,,,网站打不开,
联合早报（新闻）,http://www.zaobao.com.sg/znews,境外,境外网站,高,境外媒体,2996934,联合早报_新闻频道,OK,
纽约时报中文网（镜头）,https://cn.nytimes.com/lens/zh-hant/,境外,境外网站,高,境外媒体,2623687,纽约时报中文网_镜头,OK,
纽约时报中文网（观点与评论）,https://cn.nytimes.com/opinion/zh-hant/,境外,境外网站,高,境外媒体,601385,纽约时报中文网_观点与评论,OK,
博讯（排行),http://news.boxun.com/tops.shtml,境外,境外网站,高,境外媒体,156770,博讯网_排行,OK,
明镜时报,http://www.mingjingtimes.com,境外,境外网站,高,境外媒体,2833655,明Rr,修改，试采OK,
东网（港澳）,http://hk.on.cc/hk/news/index.html,境外,境外网站,高,境外媒体,465518,东方报业集团_港澳,OK,
明报（即时新闻),https://news.mingpao.com/ins/即r新/web_tc/main,境外,境外网站,高,境外媒体,112608,明报_即时新闻,OK,
路透中文网(时事要闻）,https://cn.reuters.com/news/generalnews,境外,境外网站,高,境外媒体,104920,路透社_时事要闻,数据停采，python采集,问题
东网,http://hk.on.cc/hk/news/,境外,境外网站,高,境外媒体,2167782,东方报业集团,部分板块停采，python采集,问题
美国之音中文网,http://www.voachinese.com,境外,境外网站,高,境外媒体,468,美国之音中文网,部分板块停采，python采集,问题
路透中文网(深度分析）,https://cn.reuters.com/news/analyses,境外,境外网站,高,境外媒体,104917,路透社_深度分析,数据停采，python采集,问题
万维网（博客）,http://blog.creaders.net/,境外,境外网站,高,境外媒体,252580,万维博客,改版，试采OK,
东网（大陆）,http://hk.on.cc/cn/news/index.html,境外,境外网站,高,境外媒体,,,板块不存在,
明报（文摘),https://news.mingpao.com/ins/文摘/web_tc/section/20171128/s00022,境外,境外网站,高,境外媒体,56295,明报_即r新文摘,OK,
万维网（视频）,http://video.creaders.net/,境外,境外网站,高,境外媒体,253529,万维网_万维视频,OK,
纽约时报中文网（中国）,https://cn.nytimes.com/china/zh-hant/,境外,境外网站,高,境外媒体,4011931,纽约时报繁体_中,新配，试采OK,
法广中文网（政治）,http://cn.rfi.fr/政治/,境外,境外网站,高,境外媒体,239096,法国广播电台_政治,OK,
苹果日报（要闻港闻）,https://hk.news.appledaily.com/daily/local/,境外,境外网站,高,境外媒体,112188,苹果日报_要闻港闻,数据停采，python采集,问题
东网（台湾）,http://hk.on.cc/tw/news/index.html,境外,境外网站,高,境外媒体,,,板块不存在,
法广中文网（社会）,http://cn.rfi.fr/社会/,境外,境外网站,高,境外媒体,239098,法国广播电台_社会,OK,
苹果日报（即时新闻 要闻）,https://hk.news.appledaily.com/realtime/local,境外,境外网站,高,境外媒体,2071084,苹果日报_即时要闻,数据停采，python采集,问题
万维网（新闻）,http://news.creaders.net/breaking/index.html,境外,境外网站,高,境外媒体,502,万维网_即时新闻,OK,
东网（国际）,http://hk.on.cc/int/news/index.html,境外,境外网站,高,境外媒体,,,板块不存在,
文汇报,http://www.wenweipo.com,境外,境外网站,高,境外媒体,2480,文汇报,OK,
大公网,http://www.takungpao.com,境外,境外网站,高,境外媒体,2479,大公网,修改，试采OK,
联合早报（言论）,http://www.zaobao.com.sg/zopinions,境外,境外网站,高,境外媒体,4011897,联合早报_言论,新配，试采空白,问题
博闻社（大陆）,https://bowenpress.com/news/bowen_category/china,境外,境外网站,高,境外媒体,2607875,博闻社_大陆,数据停采，python采集,问题
东网（评论）,http://hk.on.cc/hk/commentary/index.html,境外,境外网站,高,境外媒体,2499711,东方报业集团_评论,OK,
明镜网（ 杂志）,http://s2.mingjingnews.com/search/label/sI,境外,境外网站,高,境外媒体,,,板块不存在,
博讯（大众观点),http://news.boxun.com/news/gb/pubvp/page1.shtml,境外,境外网站,高,境外媒体,4412,博讯网_大众观点,数据停采，python采集,问题
苹果日报（即时新闻 两岸）,https://hk.news.appledaily.com/realtime/china,境外,境外网站,高,境外媒体,2071086,苹果日报_即时两岸,数据停采，python采集,问题
金融时报,http://www.ftchinese.com,境外,境外网站,高,境外媒体,104239,FT中文网,OK,
博闻社（视频）,https://bowenpress.com/news/bowen_category/video,境外,境外网站,高,境外媒体,2607879,博闻社_视频,数据停采，python采集,问题
联合早报（财经）,http://www.zaobao.com.sg/zfinance,境外,境外网站,高,境外媒体,2997308,联合早报_财经频道,OK,
博讯（大陆),http://news.boxun.com/news/gb/china/page1.shtml,境外,境外网站,高,境外媒体,495,博讯网_大陆新闻,数据停采，python采集,问题
联合早报（专题）,http://www.zaobao.com.sg/special/report,境外,境外网站,高,境外媒体,247713,联合早报_新闻专辑,数据停采，python采集,问题
博闻社（国际）,https://bowenpress.com/news/bowen_category/intl,境外,境外网站,高,境外媒体,2607877,博闻社_国际,数据停采，python采集,问题
博讯（国际),http://news.boxun.com/news/gb/intl/page1.shtml,境外,境外网站,高,境外媒体,156772,博讯网_国际,数据停采，python采集,问题
联合早报,http://www.zaobao.com/,境外,境外网站,高,境外媒体,446,联合早报,OK,
博讯（政党动态),http://news.boxun.com/news/gb/party/page1.shtml,境外,境外网站,高,境外媒体,4410,博讯网_政党动态,OK,
路透中文网(独家）,https://cn.reuters.com/exclusive/specialcoverage,境外,境外网站,高,境外媒体,,,2018年数据,
纽约时报中文网（国际）,https://cn.nytimes.com/world/zh-hant/,境外,境外网站,高,境外媒体,4011923,纽约时报繁体_H,新配，试采OK,
苹果日报（即时新闻 国际）,https://hk.news.appledaily.com/realtime/international,境外,境外网站,高,境外媒体,2847850,苹果日报_即时国际,数据停采，python采集,问题
博讯网,http://www.peacehall.com,境外,境外网站,高,境外媒体,494,博讯网,数据停采，python采集,问题
BBC中文网,http://www.bbc.co.uk/zhongwen/simp,境外,境外网站,高,境外媒体,477,BBC中文网,OK,
维权网 ,http://wqw2010.blogspot.com,境外,境外网站,高,境外媒体,,,网站不存在,
阿波罗新闻网,http://www.aboluowang.com,境外,境外网站,高,境外媒体,429,阿波罗网,OK,
倍可亲网,http://www.backchina.com,境外,境外网站,高,境外媒体,496,倍可亲,改模板，试采空白,问题
权利与运动,http://www.hrcchina.org/,境外,境外网站,高,境外媒体,,,网站不存在,
八阙网,http://www.popyard.org,境外,境外网站,高,境外媒体,833696,八阙,数据停采，python采集,问题
自由亚洲电台,http://www.rfa.org/mandarin,境外,境外网站,高,境外媒体,465,自由亚洲电台中文部,部分板块停采，python采集,问题
东西南北论坛,http://www.omnitalk.com,境外,境外网站,高,境外媒体,493,东西南北论坛,OK,
民生观察网,http://www.msguancha.com,境外,境外网站,高,境外媒体,479,民生观察,试采OK，采不到新数据,问题
未名空间,http://www.mitbbs.com,境外,境外网站,高,境外媒体,2611832,未名空间论坛,OK,
参与网,http://canyuwang.blogspot.tw/,境外,境外网站,高,境外媒体,,,2018年数据,
希望之声,http://soundofhope.org,境外,境外网站,高,境外媒体,467,希望之声,加模板，试采空白,问题
新唐人电视台,http://www.ntdtv.com,境外,境外网站,高,境外媒体,349223,新唐人电视台,OK,
人民报网,http://www.renminbao.com,境外,境外网站,高,境外媒体,456,人民报,修改，试采OK,
看中国,http://www.secretchina.com,境外,境外网站,高,境外媒体,447,看中国,OK,
禁书网,http://www.bannedbook.net,境外,境外网站,高,境外媒体,465039,禁闻网,修改，试采OK,
中国茉莉花革命,http://www.molihua.org/,境外,境外网站,高,境外媒体,281714,中国茉莉花革命,修改，试采OK,
反共黑客网,http://www.fangongheike.com,境外,境外网站,高,境外媒体,2179091,反共黑客网,OK,
大纪元,http://www.epochtimes.com,境外,境外网站,高,境外媒体,503,大纪元,修改，试采OK,
天易网,http://www.wolfax.com,境外,境外网站,高,境外媒体,298098,天易综合网,OK,
文学城网,http://www.wenxuecity.com,境外,境外网站,高,境外媒体,3437,文学城,OK,
中国茉莉花行动部落,http://jasmine-action.blogspot.tw/,境外,境外网站,高,境外媒体,3004137,中国茉莉花行动部落,改版，试采OK,
看看新闻,http://www.kankanews.com/,境内,境内网站,中,综合,9177,看看新闻网,修改，试采OK,
津云,http://www.tjyun.com/,境内,境内网站,中,综合,2979981,津融媒云天下,试采OK，数据停采,问题
每日经济新闻,http://www.nbd.com.cn/,境内,境内网站,高,综合,102779,每经网,修改，OK,
界面新闻,http://www.jiemian.com/,境内,境内网站,高,综合,2310912,界面,OK,
深圳红歌会,http://www.szhgh.com,境内,境内网站,高,综合,2499668,红歌会,OK,
乌有之乡网刊,http://www.wyzxwk.com,境内,境内网站,高,综合,842268,乌有之乡,修改，OK,
华龙网,http://www.cqnews.net,境内,境内网站,高,综合,3661,华龙网,OK,
凤凰重庆,http://cq.ifeng.com/,境内,境内网站,高,综合,487175,凤凰网_重庆频道,Python采集，修改，试采OK,
南方周末,http://www.infzm.com/,境内,境内网站,高,综合,5405,南方周末,OK,
央广网,http://www.cnr.cn,境内,境内网站,高,综合,944,央广网,修改，OK,
中国警察网,http://www.cpd.com.cn,境内,境内网站,高,综合,256518,中国警察网,修改，试采OK,
南方都市报,http://www.oeeee.com/,境内,境内网站,高,综合,1183,奥一网,修改，试采空白,问题
检查日报,http://zjby.jcrb.com/,境内,境内网站,高,综合,3986840,正义网_检察日报,修改，试采OK,
中华网,http://www.china.com/zh_cn/,境内,境内网站,高,综合,220,中华网,修改，OK,
财经网,http://www.caijing.com.cn,境内,境内网站,高,综合,6307,财经网,OK,
大河报,http://www.dahe.cn,境内,境内网站,高,综合,2728515,大河报网,恢复采集，除首页外试采空白,问题
华商报,http://www.hsw.cn/,境内,境内网站,高,综合,6756,华商网,修改，OK,
华西都市报,http://www.wccdaily.com.cn,境内,电子报,高,综合,281796,华西都市报_全站采集,OK,
南方人物周刊,http://www.nfpeople.com,境内,电子报,高,综合,840680,南方人物周刊,OK,
四川在线,http://www.scol.com.cn,境内,境内网站,中,综合,1123,四川在线,OK,
南方网,http://www.southcn.com,境内,境内网站,中,综合,1155,南方网,修改，OK,
21经济网,http://www.21jingji.com,境内,境内网站,高,综合,2494639,21经济网,OK,
千龙网,http://www.qianlong.com,境内,境内网站,中,综合,711,千龙网,修改，试采OK,
新民网,http://www.xinmin.cn,境内,境内网站,中,综合,6985,新民网,修改，OK,
中国日报网,http://cn.chinadaily.com.cn/,境内,境内网站,中,综合,731,中国日报网,修改，试采OK,
Tom网,http://www.tom.com,境内,境内网站,,综合,193,TOM,数据停采，试采空白,问题
中国网,http://www.china.com.cn,境内,境内网站,高,综合,305,中国网,修改，OK,
视界网,http://www.cbg.cn/,境内,境内网站,高,综合,2173376,视界网,改版，试采OK,
经济观察网,http://www.eeo.com.cn/,境内,境内网站,中,综合,7249,经济观察网,改版，试采OK,
楚天都市报,http://www.ctdsb.net,境内,境内网站,中,综合,250044,楚天都市网,OK,
三秦都市报,http://www.sanqindaily.com,境内,境内网站,,综合,,,链接打不开,
大洋网,http://www.dayoo.com,境内,境内网站,中,综合,1167,大洋网,改版，试采OK,
金羊网（羊城晚报）,http://www.ycwb.com,境内,境内网站,中,综合,1159,金羊网,修改，试采OK,
扬子晚报,http://www.yangtse.com,境内,境内网站,中,综合,901,扬子晚报网,修改，试采OK,
新华网,http://www.xinhuanet.com,境内,境内网站,高,综合,322,新华网,部分板块停采，python采集,问题
中国新闻网,http://www.chinanews.com,境内,境内网站,高,综合,190,中国新闻网,修改，试采空白,
实况网,http://www.cqtimes.cn/,境内,境内网站,低,综合,476645,实况网,改版，试采OK,
中国法院网,http://www.chinacourt.org,境内,境内网站,高,综合,799,中国法院网,修改，试采OK,
大渝网,http://cq.qq.com,境内,境内网站,该,综合,3642088,腾讯网_重庆,OK,
中青在线,http://www.cyol.net,境内,境内网站,中,综合,2751,中青在线,修改，试采OK,
澎湃新闻网,http://www.thepaper.cn/,境内,境内网站,高,综合,2208854,澎湃新闻,部分板块停采，python采集,问题
封面新闻,http://www.thecover.cn/,境内,境内网站,高,综合,2759156,封面新闻,OK,
南风窗,http://www.nfcmag.com,境内,境内网站,中,综合,8618,南风窗,OK,
南都网,http://nd.oeeee.com,境内,境内网站,中,综合,1183,奥一网,修改，试采空白,问题
中工网,http://www.workercn.cn/,境内,境内网站,高,综合,352075,中工网,OK,
南方农村报,http://www.nfncb.cn,境内,境内网站,中,综合,334446,南方农村报,OK,
财新网,http://www.caixin.com/,境内,境内网站,高,综合,113262,财新网,修改，试采OK,
北青网,http://www.ynet.com,境内,境内网站,高,综合,5723,北青网,修改，试采OK,
东方网,http://www.eastday.com,境内,境内网站,高,综合,715,东方网,修改，试采OK,
三联生活周刊,http://www.lifeweek.com.cn,境内,境内网站,中,综合,6839,三联生活周刊,修改，试采OK,
中国新闻周刊,http://www.inewsweek.cn,境内,境内网站,高,综合,8737,中国新闻周刊,OK,
潇湘晨报网,http://www.xxcb.cn/,境内,境内网站,高,综合,3563,潇湘晨报,OK,
观察者网,https://www.guancha.cn/,境内,境内网站,高,综合,468724,观察者,修改，试采OK,
北京时间,https://www.btime.com/,境内,境内网站,高,综合,2655909,北京时间,数据停采，python采集,问题
法制网,http://www.legaldaily.com.cn,境内,境内网站,高,综合,782,法制网,OK,
新京报网,http://www.bjnews.com.cn/,境内,境内网站,高,综合,239109,新京报网,改版，试采OK,
光明网,http://www.gmw.cn,境内,境内网站,高,综合,347,光明网,修改，试采OK,
人民网,http://www.people.com.cn,境内,境内网站,高,综合,294,人民网,修改，试采OK,
重庆晨报官网,http://www.cqcb.com/,境内,境内网站,高,综合,157940,上游新闻,部分板块停采，试采OK,
重庆晚报上游新闻,http://www.cqwb.com.cn/,境内,境内网站,高,综合,157940,上游新闻,部分板块停采，试采OK,
七一网,http://www.12371.gov.cn,境内,境内网站,中,综合,477799,七一网,修改，试采OK,
上观新闻,https://www.shobserver.com/home,境内,境内网站,高,综合,6305,上观,OK,
第一财网,http://www.yicai.com/,境内,境内网站,高,综合,7222,一财网,OK,
腾讯网,http://www.qq.com,境内,境内网站,高,综合,266,腾讯网,部分板块停采，python采集,问题
凤凰网,http://www.ifeng.com,境内,境内网站,高,综合,179,凤凰网,修改，试采OK,
新浪网,http://www.sina.com.cn,境内,境内网站,高,综合,206,新浪网,修改，试采空白,问题
网易,http://www.163.com,境内,境内网站,高,综合,312,网易,修改，试采空白,问题
搜狐网,http://www.sohu.com,境内,境内网站,高,综合,767,搜狐,修改，试采OK,
巴南吧,http://tieba.baidu.com/f?ie=utf-8&kw=巴南,境内,境内地方性贴吧,中,,257241,百度贴吧_巴南,OK,
鱼洞吧,http://tieba.baidu.com/f?ie=utf-8&kw=鱼洞 ,境内,境内地方性贴吧,中,,541060,百度贴吧_鱼洞,OK,
正大软件学院吧,http://tieba.baidu.com/f?ie=utf-8&kw=正大软件学院,境内,境内地方性贴吧,中,,541059,百度贴吧_正大软件学院,OK,
百度贴吧－北碚吧,http://tieba.baidu.com/f?ie=utf-8&kw=北碚,境内,境内地方性贴吧,中,,257155,百度贴吧_北碚,OK,
百度贴吧－重庆北碚吧,http://tieba.baidu.com/f?ie=utf-8&kw=重庆北碚,境内,境内地方性贴吧,中,,908888,百度贴吧_重庆北碚吧,OK,
百度贴吧北部新区吧,http://tieba.baidu.com/f?ie=utf-8&kw=北部新区&fr=search,境内,境内地方性贴吧,中,,2488881,百度贴吧_北部新区吧,OK,
璧山吧,http://tieba.baidu.com/f?kw=璧山,境内,境内地方性贴吧,中,,257168,百度贴吧_璧山吧,OK,
城口在线,http://www.023ck.cn/tieba/,境内,境内地方性贴吧,中,,,,2019年数据,
城口吧,http://tieba.baidu.com/f?ie=utf-8&kw=城口,境内,境内地方性贴吧,中,,257263,百度贴吧_城口,OK,
百度大足吧,http://tieba.baidu.com/f?ie=utf-8&kw=大足,境内,境内地方性贴吧,中,,257166,百度贴吧_大足,OK,
重庆市双桥区吧,http://tieba.baidu.com/f?ie=utf-8&kw=重庆市双桥区,境内,境内地方性贴吧,中,,517475,百度贴吧_重庆市双桥区,OK,
百度-垫江吧,http://tieba.baidu.com/f?kw=垫江,境内,境内地方性贴吧,中,,257179,百度贴吧_垫江,OK,
丰都吧,http://tieba.baidu.com/f?ie=utf-8&kw=丰都,境内,境内地方性贴吧,中,,257180,百度贴吧_丰都,OK,
涪陵吧,http://tieba.baidu.com/f?ie=utf-8&kw=涪陵,境内,境内地方性贴吧,中,,257162,百度贴吧_涪陵,OK,
合川吧,http://tieba.baidu.com/f?kw=合川&fr=ala0,境内,境内地方性贴吧,中,,257158,百度贴吧_合川,OK,
西南大学育才学院吧,http://tieba.baidu.com/f?ie=utf-8&kw=西南大学育才学院,境内,境内地方性贴吧,中,,1013760,百度贴吧_西南大学育才学院,OK,
观音桥吧,http://tieba.baidu.com/f?ie=utf-8&kw=观音桥,境内,境内地方性贴吧,中,,238558,百度贴吧_观音桥,OK,
江北吧,http://tieba.baidu.com/f?ie=utf-8&kw=江北,境内,境内地方性贴吧,中,,463557,百度贴吧_江北,OK,
江津吧,http://tieba.baidu.com/f?ie=utf-8&kw=江津,境内,境内地方性贴吧,中,,257157,百度贴吧_江津,OK,
杨家坪吧,http://tieba.baidu.com/f?ie=utf-8&kw=杨家坪,境内,境内地方性贴吧,中,,508167,百度贴吧_杨家坪,OK,
石桥铺吧,http://tieba.baidu.com/f?kw=石桥铺,境内,境内地方性贴吧,中,,541070,百度贴吧_石桥铺,OK,
九龙坡吧,http://tieba.baidu.com/f?kw=九龙坡,境内,境内地方性贴吧,中,,257152,百度贴吧_九龙坡吧,OK,
开县吧,http://tieba.baidu.com/f?kw=开县&fr=ala0,境内,境内地方性贴吧,中,,257174,百度贴吧_开县,OK,
梁平吧,http://tieba.baidu.com/f?ie=utf-8&kw=梁平,境内,境内地方性贴吧,中,,257177,百度贴吧_梁平,OK,
南坪吧,http://tieba.baidu.com/f?ie=utf-8&kw=南坪,境内,境内地方性贴吧,中,,257379,百度贴吧_南坪,OK,
南岸吧,http://tieba.baidu.com/f?kw=南岸,境内,境内地方性贴吧,中,,257150,百度贴吧_南岸吧,OK,
百度贴吧>大学>重庆教育学院,http://tieba.baidu.com/f?ie=utf-8&kw=重庆教育学院,境内,境内地方性贴吧,中,,772426,百度贴吧_重庆第二师范学院,OK,
百度贴吧>大学>重庆邮电大学,http://tieba.baidu.com/f?ie=utf-8&kw=重庆邮电大学,境内,境内地方性贴吧,中,,772425,百度贴吧_重庆邮电大学,OK,
弹子石吧,http://tieba.baidu.com/f?ie=utf-8&kw=弹子石,境内,境内地方性贴吧,中,,257284,百度贴吧_弹子石,OK,
南川吧,http://tieba.baidu.com/f?ie=utf-8&kw=南川,境内,境内地方性贴吧,中,,257161,百度贴吧_南川,OK,
彭水吧,http://tieba.baidu.com/f?kw=彭水,境内,境内地方性贴吧,中,,257387,百度贴吧_彭水,OK,
綦江吧,http://tieba.baidu.com/f?kw=綦江,境内,境内地方性贴吧,中,,257395,百度贴吧_綦江,OK,
黔江吧,http://tieba.baidu.com/f?ie=utf-8&kw=黔江,境内,境内地方性贴吧,中,,257181,百度贴吧_黔江,OK,
荣昌吧,http://tieba.baidu.com/f?kw=荣昌&fr=ala0,境内,境内地方性贴吧,中,,257413,百度贴吧_荣昌,OK,
沙坪坝吧,http://tieba.baidu.com/f?kw=沙坪坝,境内,境内地方性贴吧,中,,257424,百度贴吧_沙坪坝,OK,
石柱吧,http://tieba.baidu.com/f?ie=utf-8&kw=石柱 ,境内,境内地方性贴吧,中,,257431,百度贴吧_石柱,OK,
百度贴吧铜梁吧,http://tieba.baidu.com/f?ie=utf-8&kw=铜梁,境内,境内地方性贴吧,中,,257165,百度贴吧_铜梁,OK,
潼南吧_百度贴吧,http://tieba.baidu.com/f?kw=潼南,境内,境内地方性贴吧,中,,1014781,百度贴吧_潼南,OK,
万盛吧,http://tieba.baidu.com/f?ie=utf-8&kw=万盛,境内,境内地方性贴吧,中,,257160,百度贴吧_万盛,OK,
百度重庆吧,http://tieba.baidu.com/f?kw=重庆&pn=50#,境内,境内地方性贴吧,中,,110924,百度贴吧_重庆,OK,
万州吧,http://tieba.baidu.com/f?ie=utf-8&kw=万州,境内,境内地方性贴吧,中,,483164,百度贴吧_万州,OK,
巫山吧,http://tieba.baidu.com/f?ie=utf-8&kw=巫山,境内,境内地方性贴吧,中,,257173,百度贴吧_巫山吧,OK,
巫溪贴吧,http://tieba.baidu.com/f?kw=巫溪&fr=ala0,境内,境内地方性贴吧,中,,257172,百度贴吧_巫溪吧,OK,
武隆吧,http://tieba.baidu.com/f?kw=武隆&frs=yqtb,境内,境内地方性贴吧,中,,257186,百度贴吧_武隆,OK,
秀山吧,http://tieba.baidu.com/f?kw=秀山,境内,境内地方性贴吧,中,,908876,百度贴吧_秀山吧,OK,
永川吧,http://tieba.baidu.com/f?ie=utf-8&kw=永川,境内,境内地方性贴吧,中,,257156,百度贴吧_永川吧,OK,
酉阳吧,http://tieba.baidu.com/f?ie=utf-8&kw=酉阳,境内,境内地方性贴吧,中,,483161,百度贴吧_酉阳吧,OK,
百度贴吧大渡口吧,http://tieba.baidu.com/f?ie=utf-8&kw=大渡口,境内,境内地方性贴吧,中,,257270,百度贴吧_大渡口,OK,
渝北吧,http://tieba.baidu.com/f?kw=渝北,境内,境内地方性贴吧,中,,486404,百度贴吧_渝北,OK,
西南政法大学吧,http://tieba.baidu.com/f?kw=西南政法大学,境内,境内地方性贴吧,中,,1013767,百度贴吧_西南政法大学吧,OK,
渝北职教,http://tieba.baidu.com/f?ie=utf-8&kw=渝北职教,境内,境内地方性贴吧,中,,541106,百度贴吧_渝北职教,OK,
巴蜀中学吧,http://tieba.baidu.com/f?ie=utf-8&kw=巴蜀中学,境内,境内地方性贴吧,中,,541111,百度贴吧_巴蜀中学吧,OK,
解放碑吧,http://tieba.baidu.com/f?ie=utf-8&kw=解放碑,境内,境内地方性贴吧,中,,257338,百度贴吧_解放碑,OK,
渝中区吧,http://tieba.baidu.com/f?ie=utf-8&kw=渝中区,境内,境内地方性贴吧,中,,257148,百度贴吧_渝中区吧,OK,
云阳吧,http://tieba.baidu.com/f?kw=云阳,境内,境内地方性贴吧,中,,257175,百度贴吧_云阳吧,OK,
大渝网爆料台吧,https://tieba.baidu.com/f?ie=utf-8&kw=大渝网爆料台,境内,境内地方性贴吧,中,,2997986,百度贴吧_大渝网爆料台,OK,
奉节吧,http://tieba.baidu.com/f?kw=奉节&ie=utf-8&ie=utf-8&fr=wwwt,境内,境内地方性贴吧,中,,257176,百度贴吧_奉节,OK,
百度贴吧长寿吧,http://tieba.baidu.com/f?ie=utf-8&kw=长寿,境内,境内地方性贴吧,中,,257163,百度贴吧_长寿,OK,
百度贴吧忠县吧,http://tieba.baidu.com/f?kw=忠县,境内,境内地方性贴吧,中,,257178,百度贴吧_忠县,OK,
中国选举与治理网,http://www.chinaelections.com/,境内,境内博客,中,,125623,中国选举与治理网,修改，试采OK,
周泽的新浪博客,http://blog.sina.com.cn/zhouze,境内,境内博客,中,,,,2018年数据,
博客网,http://www.bokee.com/,境内,境内博客,,,,,2019年数据,
博客中国,http://www.blogchina.com/,境内,境内博客,,,1016,博客中国,修改，OK,
李庄的新浪博客,http://blog.sina.com.cn/lizhuangcn,境内,境内博客,中,,,,2015年数据,
正义网,http://www.jcrb.com,境内,境内网站,高,综合,789,正义网,修改，部分采不到数据,问题
津云锋声,https://www.toutiao.com/c/user/111404991335/#mid=1625243964743687,境内,今日头条,高,境内媒体账号,4012495,头条号_津云锋声,新配，已转Python，采集OK,
源点新闻,https://www.toutiao.com/c/user/3408114621091364/#mid=1649965907492872,境内,今日头条,高,境内媒体账号,4012496,头条号_源点新闻,新配，已转Python，采集OK,
源点新闻深度,https://www.toutiao.com/c/user/2229462485437544/#mid=1652786355580942,境内,今日头条,高,境内媒体账号,4012497,头条号_源点新闻深度,新配，已转Python，采集OK,
山水之间重庆人,https://www.toutiao.com/c/user/token/MS4wLjABAAAAmnJvkqJ6aCN69sC0Nh8pCmk1q9ME9tnJ3U-btOfxT7Y/,境内,今日头条,高,公司炒作账号,4012498,头条号_山水之间重庆人,新配，已转Python，采集OK,
看看新闻,https://www.toutiao.com/c/user/token/MS4wLjABAAAAkv52OanPT9rvKuFbksdAi97JdmCl3hjFHEvrn5Fq7Xg/,境内,今日头条,高,境内媒体账号,3253299,头条号_看看新闻,OK,
重庆新资讯,https://www.toutiao.com/c/user/89924114975/,境内,今日头条,中,自媒体,3270699,头条号_重庆新资讯,OK,
李庄律师后,https://www.toutiao.com/c/user/71731205873/#mid=1620293238059015,境内,今日头条,高,律师,3270996,头条号_李庄律师后,python采集，数据停采,问题
重庆晚报慢新闻,https://www.toutiao.com/c/user/6610512132/,境内,今日头条,高,境内媒体账号,3253122,头条号_重庆晚报慢新闻,OK,
重庆商报,https://www.toutiao.com/c/user/6250729341/,境内,今日头条,高,境内媒体账号,3274883,头条号_重庆商报,OK,
重庆晨报,https://www.toutiao.com/c/user/50104082552/,境内,今日头条,高,境内媒体账号,3275853,头条号_重庆晨报,python采集，数据停采,问题
重庆发布,https://www.toutiao.com/c/user/4309238901/,境内,今日头条,高,境内媒体账号,3311330,头条号_重庆发布,python采集，数据停采,问题
重庆日报,https://www.toutiao.com/c/user/3999481240/,境内,今日头条,高,境内媒体账号,3274928,头条号_重庆日报,python采集，数据停采,问题
行走在重庆,https://www.toutiao.com/c/user/3382156556/,境内,今日头条,高,自媒体,3282870,头条号_行走在重庆,python采集，数据停采,问题
重庆邱律师,https://www.toutiao.com/c/user/2822127380/,境内,今日头条,高,律师,4012499,头条号_重庆邱律师,新配，已转Python，采不到数据,问题
头条重庆,https://www.toutiao.com/c/user/104571796826/,境内,今日头条,高,自媒体,3288330,头条号_头条重庆,python采集，采不到正文,问题
重庆突发,https://share.iclient.ifeng.com/share_zmt_home?tag=home&cid=977736,境内,大风号,高,自媒体,,,2019年数据,
今日重庆,https://share.iclient.ifeng.com/share_zmt_home?tag=home&cid=905945,境内,大风号,高,自媒体,,,2019年数据,
重庆晚报,https://share.iclient.ifeng.com/share_zmt_home?tag=home&cid=871592,境内,大风号,高,境内媒体账号,4012500,大风号客户端_重庆晚报,新配，已转Python，采集OK,
凤凰网重庆,https://share.iclient.ifeng.com/share_zmt_home?tag=home&cid=549799,境内,大风号,高,境内媒体账号,4012501,大风号客户端_凤在重庆,新配，已转Python，采集OK,
重庆头条资讯,https://share.iclient.ifeng.com/share_zmt_home?tag=home&cid=524222,境内,大风号,高,自媒体,4012502,大风号客户端_重庆头条资讯,新配，已转Python，采集OK,
重庆商报,https://share.iclient.ifeng.com/share_zmt_home?tag=home&cid=365239,境内,大风号,高,境内媒体账号,4012503,大风号客户端_重庆商报,新配，已转Python，采集OK,
重庆青年报,https://chuansongme.com/account/cqyouth,境内,传送门,,,,,链接打不开,
重庆商报,https://chuansongme.com/account/cqsbqq,境内,传送门,,,,,链接打不开,
重庆马路社,https://chuansongme.com/account/cqmalushe,境内,传送门,,,,,链接打不开,
重庆新浪乐居,https://chuansongme.com/account/cqleju,境内,传送门,,,,,链接打不开,
重庆汇生活,https://chuansongme.com/account/cqhuishenghuo,境内,传送门,,,,,链接打不开,
重庆晨报,https://chuansongme.com/account/cqcb95,境内,传送门,,,,,链接打不开,
重庆晚报,https://chuansongme.com/account/chongqingwanbao,境内,传送门,,,,,链接打不开,
巴南网,http://www.bnb.cq.cn,境内,本地论坛,中,综合,,,无论坛,
28推论坛,http://bbs.28tui.com,境内,本地论坛,,,,,无内容可采,
重庆购物狂,http://go.cqmmgo.com,境内,本地论坛,高,综合,110906,重庆购物狂,修改，试采OK,
璧山信息网,http://bishanqu.com,境内,本地论坛,,,,,网站已关闭,
璧玉网,http://www.bishan.net,境内,本地论坛,中,综合,4012513,璧山社区,新配，试采空白,问题
重庆社区,http://www.cqsq.com,境内,本地论坛,中,综合,477802,重庆社区,修改，试采空白,问题
大足在线,http://www.dazu.ccoo.cn,境内,本地论坛,,,,,社区已关闭,
大足热线,http://dz.online.cq.cn/,境内,本地论坛,,,,,链接打不开,
垫江论坛,http://www.cqdj520.cn,境内,本地论坛,,,157741,垫江论坛,修改，OK,
垫江新闻网,http://www.djxww.com/,境内,本地论坛,,,,,无论坛,
新垫江论坛,http://bbs.cqdj520.com,境内,本地论坛,,,,,链接打不开,
丰都论坛,http://www.fengdu.ccoo.cn/forum/,境内,本地论坛,中,综合,2185404,丰都论坛,修改，OK,
大夔网,http://www.fj521.com,境内,本地论坛,中,综合,4010700,峡江论坛,新配，试采OK,
奉节网,http://www.xfjw.net/,境内,本地论坛,中,综合,,,无论坛,
奉节生活网,http://www.aifengjie.com/,境内,本地论坛,中,综合,2483269,奉节论坛,改版，试采OK,
奉节在线,http://www.fengjie.ccoo.cn/,境内,本地论坛,中,综合,477829,奉节在线,修改，OK,
巴渝传媒网,http://www.bycmw.com/,境内,本地论坛,中,综合,,,无论坛,
涪风论坛,http://bbs.fuling.com/,境内,本地论坛,中,综合,9845,涪风论坛,修改，OK,
涪陵在线,http://www.fuling.com/,境内,本地论坛,中,综合,9845,涪风论坛,修改，OK,
合优网 ,http://www.cqhc.cn/,境内,本地论坛,中,综合,477982,三江论坛,改版，试采OK,
大渝社区-网友报料,http://mycq.qq.com/f-1001229820-1.htm,境内,本地论坛,,,,,链接打不开,
重庆妈妈网,http://www.cqmama.net/portal.php,境内,本地论坛,中,综合,110917,重庆妈妈网,修改，OK,
江津论坛,http://www.e47.cn,境内,本地论坛,中,综合,110830,江津论坛,改版，试采OK,
江津热线,http://www.cqjj.com,境内,本地论坛,,,,,链接打不开,
汉丰网,http://www.kaixian.tv/,境内,本地论坛,,,,,无论坛,
点击开县,http://www.cqkx.com/,境内,本地论坛,,,157706,乡情论坛,修改，OK,
梁平论坛,http://www.lp023.com/bbs/,境内,本地论坛,中,综合,2175048,梁平论坛,修改，OK,
南川方竹论坛,http://www.ncfz.com/index.php,境内,本地论坛,中,综合,477830,方竹论坛,改版，试采OK,
彭水在线,http://www.409699.com/,境内,本地论坛,中,综合,2497357,彭水在线论坛,改版，试采OK,
中国彭水网,http://www.cqps.gov.cn/,境内,本地论坛,,,,,无论坛,
綦江在线,http://www.qj023.com/,境内,本地论坛,中,综合,157651,綦江论坛,OK,
黔江网,http://www.qianjiangwang.com/portal.php,境内,本地论坛,中,综合,157861,黔江论坛,修改，OK,
黔江在线,http://www.409000.cn,境内,本地论坛,中,综合,2262500,黔江在线,修改，OK,
武陵传媒网,http://www.wldsb.com,境内,本地论坛,中,综合,,,无论坛,
荣昌之窗,http://www.rongchang.net/,境内,本地论坛,中,综合,2488979,荣昌论坛,改版，试采OK,
重大明主湖论坛,http://www.cqumzh.cn,境内,本地论坛,,,,,民主湖外网论坛被不明流量攻击，我们正努力恢复中,
石柱论坛,http://bbs.45win.com/,境内,本地论坛,中,综合,2002168,石柱论坛,修改，OK,
石柱在线,http://www.shizhu.ccoo.cn/forum/,境内,本地论坛,中,综合,,,2019年数据,
石柱信息港,http://sz.online.cq.cn,境内,本地论坛,,,,,链接打不开,
吃喝玩乐网站,http://www.chihe100.com/,境内,本地论坛,,,,,链接打不开,
铜梁信息网,http://www.cqtl.com/,境内,本地论坛,中,综合,157958,铜梁论坛,OK,
铜梁信息港,http://www.tongliangbbs.com/forum.php?mod=forumdisplay&fid=50,境内,本地论坛,,,,,链接打不开,
潼南论坛,http://www.cqtn.cn,境内,本地论坛,中,综合,157887,潼南论坛,修改，OK,
万盛在线论坛,http://www.02348.cn/forum/default.asp,境内,本地论坛,,,3030855,万盛在线论坛,改版，试采OK,
三峡传媒网-平湖论坛,http://www.sxcm.net,境内,本地论坛,中,综合,,,无论坛,
三峡之窗,http://www.sxzc.net/,境内,本地论坛,,,,,链接打不开,
万州都市通,http://www.wzdst.com/,境内,本地论坛,,,,,链接打不开,
巫山在线,http://www.wushan.ccoo.cn/,境内,本地论坛,中,综合,,,无论坛,
武隆论坛,http://www.cqwulong.net/,境内,本地论坛,中,综合,,,无论坛,
武隆在线,http://www.wulong.ccoo.cn/,境内,本地论坛,中,综合,,,2019年数据,
秀山之窗,http://www.xiushan.ccoo.cn/forum/,境内,本地论坛,中,综合,2489396,秀山之窗论坛,修改，试采OK,
秀山社区,http://www.cqxszx.com,境内,本地论坛,中,综合,157959,秀山社区,改版，试采空白,问题
秀山花灯论坛,http://www.zgcqxs.net/bbs/,境内,本地论坛,中,综合,,,论坛不存在,
茶竹永川论坛,http://bbs.cqyc.net/,境内,本地论坛,中,综合,158162,茶竹永川论坛,修改，试采OK,
永川门户网,http://www.ycw.gov.cn,境内,本地论坛,,,,,无论坛,
酉阳在线,http://www.youyang.ccoo.cn,境内,本地论坛,中,综合,768254,酉阳在线论坛,OK,
经典重庆论坛,http://bbs.classic023.com/forum.php,境内,本地论坛,中,综合,110854,重庆论坛,OK,
风行天下车友会,http://www.ifxtx.com,境内,本地论坛,,,769312,风行天下,修改，试采OK,
重庆知青网,http://www.023cqzq.com,境内,本地论坛,中,综合,238572,重庆知青论坛,OK,
云阳人家,http://www.yycqc.com,境内,本地论坛,中,综合,110699,云阳人家,改版，试采OK,
云阳网,http://www.yunyangwang.com/,境内,本地论坛,中,综合,,,无论坛,
长寿湖山在线,http://www.cs53.com/,境内,本地论坛,中,综合,157810,长寿论坛,修改，OK,
忠县之家,http://ofzx.com/,境内,本地论坛,中,综合,477837,忠县之家,改版，试采OK,
忠州新闻网,http://www.zzxw.net,境内,本地论坛,中,综合,,,论坛不存在,
重庆日报,https://baijia.baidu.com/u?app_id=1603231981412057,境内,百家号,高,境内媒体账号,3374703,百家号_重庆日报,数据停采，python采集,问题
重庆购物狂,https://baijia.baidu.com/u?app_id=1582940065549988,境内,百家号,高,综合,3393322,百家号_重庆购物狂,OK,
重庆青年报,https://baijia.baidu.com/u?app_id=1562008958449450,境内,百家号,高,境内媒体账号,3647476,百家号_重庆青年报,数据停采，python采集,问题
重庆时间,https://baijia.baidu.com/u?app_id=1554879515809694,境内,百家号,高,境内媒体账号,3343963,百家号_重庆时间,视频采不到，python采集,问题
微重庆,https://baijia.baidu.com/u?app_id=1548137343156102,境内,百家号,中,自媒体,,,2017年数据,
YouTube（明镜火拍）,https://www.youtube.com/channel/UCdKyM0XmuvQrD0o5TNhUtkQ,境外,YouTube,高,涉政,458555,Youtube_明R火拍,视频采不到，python采集,问题
YouTube（明镜TV）,https://www.youtube.com/channel/UC3lyWHqUY9IiP4en5jnY6vA,境外,YouTube,高,涉政,2204804,Youtube_明R,视频采不到，python采集,问题
ABC News,https://www.youtube.com/user/ABCNews,境外,YouTube,高,境外媒体视频账号,3063770,Youtube_ABC News,视频采不到，python采集,问题
Bloomberg Technology,https://www.youtube.com/channel/UCrM7B7SL_g1edFOnmj-SDKg,境外,YouTube,高,境外媒体视频账号,4012582,Youtube_Bloomberg Technology,新配，转python采集试采OK,
Bloomberg Markets and Finance,https://www.youtube.com/channel/UCIALMKvObZNtJ6AmdCLP7Lg,境外,YouTube,高,境外媒体视频账号,4012583,Youtube_Bloomberg Markets and Finance,新配，转python采集试采OK,
朝日新社 ,https://www.youtube.com/user/asahicom,境外,YouTube,高,境外媒体视频账号,4012584,Youtube_朝日新社,新配，转python采集试采OK,
RFI 华语 - 法国国际广播电台 ,https://www.youtube.com/user/RFIcn,境外,YouTube,高,境外媒体视频账号,4012585,Youtube_RFI华语,新配，转python采集试采OK,
The New York Times,https://www.youtube.com/user/TheNewYorkTimes,境外,YouTube,高,境外媒体视频账号,4012586,Youtube_TheNewYorkTimes,新配，转python采集试采OK,
singtaotv星,https://www.youtube.com/user/singtaotv,境外,YouTube,高,境外媒体视频账号,4012587,Youtube_singtaotv星,新配，转python采集试采OK,
巴渝点评,https://www.toutiao.com/c/user/token/MS4wLjABAAAAPVvdxDZ2jgT2NgI98iDW5UN0EUMchqEBAtdMA7rYl90/,境内,今日头条,高,公司炒作账号,4012546,头条号_巴渝点评,新配，转python采集试采空白,问题
穷哥在重庆,https://www.toutiao.com/c/user/token/MS4wLjABAAAAP-k3MgL8loVa1wYAOL0rApyN2PVrFBDGgcB8siJE3TQ/,境内,今日头条,高,公司炒作账号,4012547,头条号_穷哥在重庆,新配，转python采集试采空白,问题
重庆本地联盟,https://www.toutiao.com/c/user/token/MS4wLjABAAAAc8FMGa2HRp53c1xzebPxvasIEaGHs9GVwMkuV20SgTg/,境内,今日头条,高,公司炒作账号,4012548,头条号_重庆本地联盟,新配，转python采集试采空白,问题
魅力新万州,https://www.toutiao.com/c/user/token/MS4wLjABAAAA7_QN121GP9Dd08Rmxr06b9WtsUJ_VXn7WDEEUeikbok/,境内,今日头条,高,公司炒作账号,3962398,头条号_魅力新万州,微头条采不到，python采集,
罗娟儿,https://www.toutiao.com/c/user/token/MS4wLjABAAAAAze6i0qNwc3IW974xOTnveS_dc9rPnJuEEaL-pB9WDUywzKA9mnnSelzzs3wzsKz/,境内,今日头条,高,公司炒作账号,4012549,头条号_罗娟儿,新配，转python采集试采空白,问题
黑皮haipi,https://www.toutiao.com/c/user/token/MS4wLjABAAAAelFZmqPAoUD2vGPW_FxIl_e-0Lz_JLnlucQpWMu8KYyXEh5z2OUAinPR6XOHiS9F/,境内,今日头条,高,公司炒作账号,4012550,头条号_黑皮haipi,新配，转python采集试采空白,问题
阿两哥,https://www.toutiao.com/c/user/token/MS4wLjABAAAA53299Ru2ywqyh7ShlLF8Pz9PMPoTOCPSYyLRm3U7K4Y/,境内,今日头条,高,公司炒作账号,4012551,头条号_阿两哥,新配，转python采集试采空白,问题
经典重庆,https://www.toutiao.com/c/user/token/MS4wLjABAAAAr0a-bpWu5uNZ88elPgmUKLEJEaXfea8jQobO5doYQyw/,境内,今日头条,高,公司炒作账号,4012552,头条号_经典重庆,新配，转python采集试采空白,问题
大重庆小市民,https://www.toutiao.com/c/user/token/MS4wLjABAAAAuOFXehHs19hnf1Xa2YIPnGg6nSpXPduM4iCA-3pSHFI/,境内,今日头条,高,公司炒作账号,4012553,头条号_大重庆小市民,新配，转python采集试采空白,问题
太极之渝,https://www.toutiao.com/c/user/token/MS4wLjABAAAAOyohE9BrnlAljyLujc91wncB2WqyyvKHfkiKCtd_rHk/,境内,今日头条,高,公司炒作账号,4012554,头条号_太极之渝,新配，转python采集试采空白,问题
两江小渝儿,https://www.toutiao.com/c/user/token/MS4wLjABAAAA0is3B_X8xurdskNdnkUnnGXwLsp3U6f7CrHoTxpd7HU5FkQpKA0bm08Drgko7OON/,境内,今日头条,高,公司炒作账号,4012555,头条号_两江小渝儿,新配，转python采集试采空白,问题
重庆玖哥,https://www.toutiao.com/c/user/token/MS4wLjABAAAAnASXm6vNjd_CF6GT6Qi8UFY8sTS7pFcqbFFrq2SkqFoe_1CL8j4VtVHGhunca5FX/,境内,今日头条,高,公司炒作账号,4012556,头条号_重庆玖哥,新配，转python采集试采空白,问题
